{
  "id": "d8948205-5434-498e-808c-52eab79bb7c7",
  "name": "fact-category",
  "isOverridable": true,
  "entries": [
    {
      "value": "history",
      "synonyms": [
        "history",
        "Google\u0027s history",
        "past",
        "Google\u0027s past",
        "history of Google"
      ]
    },
    {
      "value": "headquarters",
      "synonyms": [
        "headquarters",
        "HQ",
        "Google\u0027s headquarters",
        "Google HQ",
        "Googleplex"
      ]
    }
  ],
  "isEnum": false,
  "automatedExpansion": false
}